{
  "view/NotFound.view.xml": 1679522625232,
  "controller/DetailObjectNotFound.controller.js": 1679522442988,
  "utils/locate-reuse-libs.js": 1679506849430,
  "model/models.js": 1679506849434,
  "model/formatter.js": 1679522683528,
  "controller/NotFound.controller.js": 1679522460452,
  "controller/ListSelector.js": 1679522456508,
  "controller/List.controller.js": 1679522470432,
  "controller/ErrorHandler.js": 1679522447884,
  "manifest.json": 1679607538145,
  "controller/Detail.controller.js": 1679522436052,
  "controller/BaseController.js": 1679522430804,
  "controller/App.controller.js": 1679522419512,
  "Component.js": 1679523877007,
  "Component-preload.js": 1679607538715,
  "controller/DetailObjectNotFound-dbg.controller.js": 1679522442988,
  "model/models-dbg.js": 1679506849434,
  "model/formatter-dbg.js": 1679522683528,
  "controller/NotFound-dbg.controller.js": 1679522460452,
  "controller/ListSelector-dbg.js": 1679522456508,
  "controller/List-dbg.controller.js": 1679522470432,
  "controller/ErrorHandler-dbg.js": 1679522447884,
  "utils/locate-reuse-libs-dbg.js": 1679506849430,
  "controller/Detail-dbg.controller.js": 1679522436052,
  "controller/BaseController-dbg.js": 1679522430804,
  "controller/App-dbg.controller.js": 1679522419512,
  "Component-dbg.js": 1679523877007,
  "view/ViewSettingsDialog.fragment.xml": 1679522595816,
  "i18n/i18n.properties": 1679522665620,
  "view/List.view.xml": 1679522620872,
  "view/DetailObjectNotFound.view.xml": 1679522617140,
  "view/Detail.view.xml": 1679522610752,
  "view/App.view.xml": 1679522606684,
  "css/style.css": 1679506849438,
  "index.html": 1679506849426
}