{
  "view/Detail.view.xml": 1679526996953,
  "controller/ListSelector.js": 1679526996953,
  "utils/locate-reuse-libs.js": 1679526996953,
  "model/models.js": 1679526996953,
  "model/formatter.js": 1679526996953,
  "controller/NotFound.controller.js": 1679526996953,
  "manifest.json": 1680032669818,
  "controller/List.controller.js": 1679526996953,
  "controller/ErrorHandler.js": 1680032590122,
  "controller/DetailObjectNotFound.controller.js": 1679526996953,
  "controller/Detail.controller.js": 1680032576506,
  "controller/BaseController.js": 1679526996953,
  "controller/App.controller.js": 1679526996953,
  "Component.js": 1679526996953,
  "Component-preload.js": 1680032670323,
  "model/models-dbg.js": 1679526996953,
  "utils/locate-reuse-libs-dbg.js": 1679526996953,
  "model/formatter-dbg.js": 1679526996953,
  "controller/NotFound-dbg.controller.js": 1679526996953,
  "controller/ListSelector-dbg.js": 1679526996953,
  "controller/List-dbg.controller.js": 1679526996953,
  "controller/ErrorHandler-dbg.js": 1680032590122,
  "controller/DetailObjectNotFound-dbg.controller.js": 1679526996953,
  "controller/Detail-dbg.controller.js": 1680032576506,
  "controller/BaseController-dbg.js": 1679526996953,
  "controller/App-dbg.controller.js": 1679526996953,
  "Component-dbg.js": 1679526996953,
  "view/ViewSettingsDialog.fragment.xml": 1679526996953,
  "view/NotFound.view.xml": 1679526996953,
  "view/List.view.xml": 1679526996953,
  "view/DetailObjectNotFound.view.xml": 1679526996953,
  "i18n/i18n.properties": 1679526996953,
  "view/App.view.xml": 1679526996953,
  "css/style.css": 1679526996953,
  "index.html": 1679526996953
}